spf_fail,dkim_fail,dmarc_fail,has_suspicious_url,has_dangerous_attachment,subject_length,body_length,label
1,1,0,0,1,98,2108,1
0,0,0,1,1,115,4438,0
0,1,1,0,0,89,399,0
1,0,1,1,1,6,4866,1
0,0,1,1,1,100,2870,1
1,1,1,1,1,5,1079,1
0,1,0,1,0,55,1740,1
0,1,1,1,0,19,4923,1
0,1,0,0,1,55,724,1
1,0,1,0,1,37,1177,1
0,1,1,0,1,17,2102,1
1,0,0,1,0,15,4021,1
0,1,1,0,1,43,154,1
1,1,1,0,1,62,4014,1
1,1,1,1,1,116,283,1
1,1,1,0,1,57,4126,1
0,1,1,0,1,72,1307,1
0,0,0,0,0,97,452,0
1,0,0,0,1,97,2053,1
0,0,0,0,1,19,4965,0
1,0,0,1,1,12,1457,1
0,1,0,0,0,69,2404,0
0,1,0,0,1,96,2725,1
0,1,0,1,1,86,1796,1
0,1,0,1,1,64,1600,1
0,1,1,1,1,63,850,1
1,0,0,1,0,43,78,1
1,0,1,0,0,24,575,0
0,1,0,1,0,92,936,1
0,0,1,1,1,29,3476,1
1,0,0,1,1,52,2738,1
1,0,1,0,1,71,2678,1
0,1,1,0,1,53,918,1
1,1,0,1,1,12,716,1
1,1,0,0,1,90,1961,1
1,1,0,0,1,6,3061,1
0,0,0,1,1,109,948,0
1,0,0,0,1,48,3391,1
0,0,1,0,1,109,2429,1
1,1,1,1,0,112,4488,1
1,1,0,0,0,89,3013,0
1,1,1,0,1,67,3849,1
0,0,0,0,0,68,2202,0
1,0,0,1,1,55,4113,1
0,0,0,1,1,61,1075,0
0,1,0,0,0,56,1986,0
0,0,1,0,0,29,1205,0
0,0,0,0,0,54,4517,0
0,1,1,0,1,33,88,1
0,1,0,0,1,104,161,1
0,1,0,1,0,67,3907,1
0,0,1,1,0,17,3140,1
1,0,1,0,1,49,2508,1
1,0,1,0,1,74,3905,1
1,0,1,1,1,105,4625,1
1,1,1,1,0,51,2798,1
0,0,0,0,0,95,2256,0
0,0,1,1,0,111,984,1
0,1,0,0,0,93,3416,0
0,1,0,1,1,111,2027,1
0,1,1,0,0,92,1281,0
0,1,1,0,1,83,4693,1
1,0,0,0,0,22,2977,0
1,1,0,0,0,16,608,0
1,1,0,1,0,73,2640,1
0,0,0,1,1,90,4099,0
1,0,0,1,1,111,157,1
1,0,0,0,0,30,2983,0
1,0,0,0,1,42,1632,1
1,1,0,0,0,85,1091,0
0,0,0,0,0,105,1689,0
0,0,1,1,0,84,3728,1
1,0,1,1,1,8,427,1
0,0,1,0,1,35,2440,1
0,1,0,0,1,103,4554,1
1,1,0,0,1,102,3791,1
0,1,1,1,0,100,3663,1
0,0,0,1,0,69,3714,0
0,1,0,0,0,90,1832,0
1,0,1,1,0,47,121,1
0,1,0,0,0,88,2649,0
0,1,1,0,1,105,1900,1
1,1,1,1,0,42,900,1
1,1,0,0,1,108,2154,1
1,1,1,1,1,80,4816,1
1,0,0,1,1,6,1530,1
1,0,1,0,0,56,4941,0
1,1,1,1,0,45,1993,1
0,0,1,1,0,92,3539,1
0,0,0,1,1,115,3485,0
0,1,1,1,1,98,3370,1
1,0,0,1,1,75,3061,1
1,0,0,1,0,79,3675,1
0,1,1,1,0,79,2772,1
0,0,0,0,1,86,4464,0
0,1,1,1,0,56,3466,1
1,0,1,0,1,115,1543,1
1,1,1,1,0,63,3818,1
0,1,1,0,0,30,114,0
0,0,1,1,1,45,1806,1
0,0,1,1,0,103,1687,1
0,0,1,0,0,103,1416,0
0,0,1,0,0,57,1584,0
1,1,1,0,0,31,2713,0
1,1,1,0,1,66,3258,1
1,1,1,0,0,61,487,0
1,0,1,0,1,53,4073,1
1,1,1,0,1,108,4561,1
1,0,0,1,0,17,4002,1
0,0,1,1,0,14,3766,1
1,0,0,0,1,108,4554,1
1,0,1,0,1,69,4828,1
0,1,0,0,1,66,4281,1
0,1,1,1,1,68,2674,1
1,1,1,1,1,12,4042,1
0,0,0,0,1,120,3217,0
0,1,1,0,1,118,1767,1
1,1,1,1,0,113,3966,1
1,1,1,0,1,50,2986,1
1,0,0,1,1,61,4257,1
0,1,0,0,1,59,79,1
0,0,0,0,1,90,2981,0
1,0,0,0,1,61,2256,1
0,0,1,0,0,77,3490,0
0,0,0,0,0,100,2971,0
0,1,0,0,1,46,439,1
0,1,1,0,0,93,1846,0
1,0,1,1,1,114,866,1
1,0,0,0,1,108,3607,1
1,0,0,0,0,7,3214,0
1,1,0,0,1,50,4228,1
0,1,0,1,0,102,2856,1
0,1,0,0,1,53,1970,1
0,0,1,0,0,95,3433,0
1,1,1,1,0,19,212,1
0,1,1,1,0,80,1630,1
1,1,1,0,0,92,1952,0
1,1,0,0,1,45,2853,1
1,1,1,0,0,83,2288,0
1,1,0,1,1,39,1959,1
0,0,0,1,0,7,4481,0
0,1,0,1,1,25,2158,1
0,1,0,1,1,20,2700,1
1,1,1,0,1,92,997,1
0,0,0,1,0,38,861,0
1,1,1,0,0,14,3096,0
1,0,1,1,0,31,2785,1
1,0,0,0,1,78,1388,1
1,0,1,0,1,68,4754,1
0,1,1,0,1,46,2356,1
1,0,1,1,0,100,3682,1
0,1,1,1,1,75,809,1
0,1,1,1,0,93,2054,1
0,0,1,1,0,61,2473,1
1,0,0,0,1,73,105,1
1,1,1,0,0,14,2610,0
1,0,1,1,1,15,1778,1
0,1,1,1,1,28,2400,1
1,1,0,1,0,118,4223,1
0,0,1,0,1,46,505,1
1,1,0,0,0,58,3111,0
1,0,0,1,0,97,1336,1
0,1,1,0,1,59,4905,1
0,0,1,0,1,56,987,1
0,1,0,1,1,112,3808,1
0,0,1,0,0,110,4179,0
1,0,0,0,1,9,505,1
1,1,0,1,0,115,4492,1
1,0,0,1,1,49,3885,1
1,0,0,1,1,39,1910,1
1,1,1,0,0,9,3180,0
1,0,1,0,0,6,708,0
1,0,1,0,0,37,4317,0
1,1,1,1,0,39,4803,1
0,0,0,1,0,77,4666,0
1,0,1,1,1,89,2650,1
0,0,1,1,1,84,3178,1
0,1,0,1,0,107,3666,1
0,1,1,1,1,80,3655,1
0,0,0,1,0,45,4807,0
0,1,1,1,1,119,2843,1
0,0,1,1,0,8,761,1
1,0,0,1,0,46,4220,1
0,1,0,1,0,96,4731,1
0,1,1,0,0,15,4418,0
1,1,1,1,1,38,3650,1
1,1,0,0,0,81,4160,0
0,0,1,1,0,119,3571,1
1,0,0,0,1,71,3152,1
1,0,1,0,0,47,2761,0
1,1,0,1,0,17,2384,1
0,1,1,1,0,107,3148,1
1,1,1,1,0,118,3508,1
0,0,0,1,1,85,2560,0
0,1,1,1,0,86,4887,1
0,1,1,1,0,21,2312,1
1,1,1,1,0,81,4967,1
0,0,1,0,1,111,1217,1
0,0,1,1,0,91,1836,1
1,1,0,0,0,65,2941,0
1,1,0,1,0,27,457,1
1,1,0,1,0,10,4392,1
0,0,0,1,1,22,1525,0
0,0,0,1,0,88,3197,0
0,0,0,0,1,47,1236,0
1,0,1,1,1,95,1074,1
1,0,1,1,0,75,1726,1
1,1,1,1,0,11,1918,1
0,1,1,1,1,112,3931,1
0,1,1,1,1,77,269,1
0,1,1,0,0,75,3770,0
0,1,1,1,0,39,515,1
0,0,1,1,1,33,3171,1
1,0,1,0,0,67,2631,0
1,1,1,1,1,102,1685,1
1,0,0,1,0,111,4389,1
0,0,0,1,0,33,4204,0
1,0,1,1,1,40,1835,1
1,1,0,0,1,100,4421,1
1,0,1,0,0,31,3988,0
0,1,1,1,1,35,4230,1
0,0,0,1,1,28,2439,0
1,1,0,1,1,6,2741,1
1,0,0,1,1,103,4754,1
1,1,0,0,0,66,1508,0
1,0,0,1,1,119,1396,1
0,0,1,0,1,25,3027,1
1,0,1,1,1,69,4411,1
0,0,0,1,1,34,3395,0
1,0,1,1,0,68,354,1
0,0,0,0,0,19,2386,0
0,0,1,1,0,102,2724,1
0,1,1,1,1,91,601,1
1,1,0,0,0,59,919,0
1,1,0,1,1,63,3267,1
0,1,0,0,0,12,877,0
0,1,1,1,1,96,4789,1
1,1,0,1,0,32,2405,1
1,1,0,1,0,61,2036,1
1,0,1,0,0,97,1335,0
1,0,1,1,1,53,4424,1
0,0,0,0,0,61,3052,0
1,1,1,1,1,93,293,1
1,0,1,1,1,79,442,1
0,0,0,0,0,27,2331,0
1,0,0,1,1,31,1172,1
1,0,0,1,0,54,4017,1
1,0,0,0,1,45,776,1
0,1,1,0,0,89,3533,0
0,1,0,0,1,98,1586,1
0,1,1,0,0,38,781,0
0,0,0,1,1,93,2927,0
1,1,0,1,0,59,3982,1
1,1,0,1,1,14,2337,1
0,0,1,0,0,66,652,0
1,0,0,0,1,6,3599,1
0,0,1,0,0,90,2721,0
1,0,0,1,0,113,2950,1
1,0,0,1,0,12,3579,1
1,1,0,0,0,60,240,0
0,0,1,1,1,45,774,1
0,0,1,1,0,90,3308,1
1,0,0,0,0,64,2194,0
0,1,1,1,0,67,2441,1
1,0,0,1,0,75,2123,1
0,0,1,0,0,99,4175,0
1,0,1,0,0,84,317,0
0,0,0,0,1,92,1322,0
0,1,0,0,1,78,4835,1
0,0,1,1,0,39,4647,1
0,1,0,1,0,39,802,1
0,0,0,1,1,117,2787,0
0,1,0,0,1,82,2712,1
1,1,1,1,0,31,2385,1
1,0,0,0,1,53,4358,1
1,1,1,0,0,87,4104,0
0,0,1,1,0,60,3587,1
0,0,0,1,0,38,72,0
0,0,1,0,0,68,4851,0
1,0,0,1,1,86,3920,1
1,0,1,1,0,71,1573,1
0,1,1,1,1,43,4873,1
0,1,1,1,0,54,952,1
1,1,0,1,0,23,2201,1
0,0,1,1,0,22,2739,1
0,0,1,1,0,46,1694,1
1,1,0,1,0,26,2325,1
1,1,0,1,0,72,2158,1
0,0,1,1,1,13,3056,1
1,0,1,0,0,57,1972,0
0,0,1,0,1,6,4002,1
0,1,1,0,0,120,3599,0
1,1,1,1,1,22,823,1
1,1,1,0,1,47,2471,1
1,1,0,0,1,64,1884,1
0,0,0,0,0,48,4381,0
0,0,0,1,0,60,1822,0
0,0,0,0,0,56,801,0
1,1,0,0,1,93,412,1
1,0,1,0,1,20,1346,1
0,0,1,0,0,32,2443,0
1,1,1,1,0,11,3935,1
0,1,0,1,1,61,423,1
0,0,1,1,1,97,2918,1
0,0,0,1,1,68,4928,0
1,1,0,1,1,24,2668,1
1,1,0,1,0,47,2405,1
1,0,0,0,1,92,1235,1
1,0,0,1,1,29,1178,1
0,1,0,1,1,16,369,1
1,0,1,0,1,54,3817,1
0,0,0,0,0,118,4323,0
1,1,1,0,1,81,1329,1
1,0,0,1,1,31,2062,1
1,1,1,1,1,28,2055,1
0,1,1,0,0,83,779,0
0,1,1,1,0,64,1840,1
1,0,0,0,1,103,1571,1
1,1,1,1,1,23,2127,1
1,0,1,0,0,12,2433,0
0,0,1,0,1,99,2345,1
1,0,0,0,1,91,1922,1
1,1,1,0,0,9,3506,0
1,1,0,0,0,94,2779,0
0,0,0,0,1,95,4812,0
1,1,0,0,1,80,3539,1
0,0,1,0,0,50,4809,0
0,1,0,0,0,29,595,0
0,1,1,0,1,50,4903,1
0,1,1,1,1,14,2836,1
0,1,0,1,1,105,752,1
0,0,0,1,0,119,3919,0
1,1,0,0,1,69,1038,1
0,1,0,0,0,80,2893,0
0,1,0,0,1,88,1713,1
0,1,0,1,1,114,172,1
1,1,0,1,1,103,3929,1
1,1,0,1,0,13,3576,1
1,1,0,0,1,43,2913,1
0,0,1,1,0,46,4258,1
1,1,0,1,1,66,2589,1
0,1,0,0,1,24,4453,1
1,0,1,0,0,47,398,0
1,1,1,0,1,57,3558,1
1,1,0,1,1,90,3190,1
0,0,1,0,1,117,4056,1
0,0,1,0,0,103,714,0
0,0,1,0,1,103,3150,1
1,1,0,1,1,34,2570,1
1,1,0,1,0,105,4134,1
0,1,0,0,0,101,1695,0
0,0,1,1,0,119,3175,1
0,0,1,1,1,90,1522,1
1,0,1,0,0,47,1602,0
0,0,1,1,1,47,1811,1
0,0,1,1,0,90,1414,1
0,1,1,1,1,32,2912,1
0,0,0,1,0,21,775,0
0,0,0,0,0,66,2664,0
0,0,0,1,0,85,3854,0
1,0,0,1,1,104,2843,1
0,1,1,0,1,108,2662,1
1,1,1,0,1,82,4392,1
1,1,0,0,0,106,1446,0
1,1,1,0,1,56,3724,1
0,1,0,0,0,118,4987,0
0,1,1,1,0,83,4038,1
0,0,1,0,0,120,4237,0
1,0,0,1,0,60,1099,1
1,1,1,1,1,72,3850,1
0,1,0,1,0,5,1934,1
0,1,1,0,1,74,4357,1
1,1,1,0,1,109,810,1
0,1,1,0,0,60,3192,0
0,1,1,1,1,52,267,1
0,0,0,0,0,43,3321,0
1,0,0,0,1,5,789,1
1,1,0,1,0,13,4630,1
1,1,0,1,1,87,1267,1
1,0,0,0,1,37,721,1
0,0,1,1,1,45,3035,1
1,0,1,1,0,65,906,1
1,0,1,1,1,20,1029,1
0,0,0,1,1,101,3820,0
0,0,0,0,1,119,1543,0
0,0,0,0,0,120,1299,0
1,0,1,1,0,75,3452,1
1,0,1,1,1,41,1412,1
1,0,1,1,0,62,4866,1
1,0,0,0,1,113,2136,1
1,0,0,1,1,57,1122,1
1,0,1,1,1,65,2466,1
0,1,1,0,0,93,577,0
0,0,0,0,1,107,4209,0
1,1,1,1,0,108,3311,1
1,1,0,1,1,6,3764,1
0,0,0,1,0,49,870,0
1,1,1,0,0,51,4770,0
1,0,1,0,0,23,4253,0
1,1,0,1,0,16,4389,1
0,1,1,0,1,49,1068,1
0,0,1,0,0,16,2756,0
1,0,0,0,0,80,1980,0
1,1,1,0,0,41,1220,0
1,0,0,1,0,6,287,1
0,1,1,0,0,50,281,0
1,1,0,0,0,114,4849,0
0,1,1,1,0,119,1289,1
0,1,1,0,0,82,972,0
1,1,1,1,1,24,4256,1
1,0,1,1,0,11,1753,1
1,0,0,0,1,29,849,1
0,1,0,0,1,63,3489,1
0,0,0,0,0,62,1247,0
0,0,0,0,1,16,368,0
1,1,1,1,1,20,1054,1
1,1,0,0,1,106,2301,1
1,1,0,0,1,71,1600,1
1,1,0,1,0,96,2445,1
0,0,1,1,0,120,2743,1
0,0,1,1,0,18,4083,1
1,0,1,1,0,66,1250,1
0,0,1,0,1,89,3666,1
1,0,0,0,0,58,4498,0
0,0,1,0,0,59,1547,0
1,0,1,0,1,85,1953,1
0,1,1,0,1,67,1434,1
0,1,0,1,1,114,2011,1
1,1,1,0,1,60,3496,1
1,1,0,0,1,96,423,1
0,1,1,0,1,116,855,1
0,0,1,1,1,44,3682,1
1,1,0,0,0,105,4895,0
1,0,0,1,0,45,2511,1
1,1,1,0,0,89,1060,0
1,0,1,0,0,18,2201,0
0,0,1,1,1,83,961,1
1,1,0,0,0,53,2949,0
1,1,1,0,0,52,4976,0
0,1,0,0,0,42,2734,0
1,1,0,0,0,96,2796,0
1,1,0,1,0,41,2172,1
1,1,1,0,1,112,1554,1
1,0,0,1,0,40,3726,1
1,0,1,1,0,10,785,1
0,1,0,0,0,88,1699,0
0,1,1,0,1,15,2418,1
0,0,1,1,1,78,2525,1
1,0,1,0,0,83,1661,0
0,1,1,1,0,18,1256,1
1,0,1,0,1,72,896,1
0,0,1,0,1,47,692,1
0,1,1,1,0,104,4929,1
1,0,0,1,1,90,4389,1
0,0,0,1,1,106,3369,0
0,1,1,0,0,108,3702,0
1,1,1,0,1,97,3798,1
1,0,0,0,1,104,2018,1
0,0,1,0,1,20,1350,1
0,1,0,0,0,50,2349,0
0,0,1,0,1,6,146,1
0,0,0,1,1,36,4217,0
1,0,1,1,0,38,196,1
0,1,1,0,0,29,1823,0
0,0,0,1,1,49,2288,0
0,0,1,1,0,119,3527,1
1,1,1,0,1,67,258,1
1,1,0,0,1,114,414,1
1,1,1,0,1,56,3217,1
1,1,0,1,1,34,380,1
1,1,1,1,0,120,1407,1
1,1,1,1,1,58,3134,1
0,0,0,1,1,70,579,0
1,0,0,1,0,55,1262,1
1,0,0,1,0,101,2576,1
1,1,0,1,0,75,4563,1
1,1,1,0,0,34,3529,0
1,1,1,0,1,88,4100,1
1,0,0,0,0,66,2981,0
1,1,1,1,0,16,2607,1
0,1,1,0,0,119,1783,0
0,0,0,1,0,16,4346,0
1,0,1,0,0,103,396,0
0,0,1,1,1,60,3693,1
1,0,1,1,1,55,98,1
0,0,0,0,0,61,3475,0
0,1,1,0,0,87,2694,0
1,0,0,1,1,120,3361,1
0,1,1,0,0,47,4094,0
0,1,0,0,1,109,1918,1
0,0,0,1,0,34,3276,0
1,0,0,1,0,11,3845,1
0,1,1,0,0,110,4681,0
1,1,1,0,1,89,541,1
1,0,0,1,1,81,4067,1
0,0,1,1,0,71,497,1
1,0,1,0,0,76,3580,0
1,0,1,0,1,21,3383,1
0,0,0,0,0,69,1946,0
1,0,1,1,1,38,4840,1
1,0,0,1,1,56,979,1
1,1,0,0,0,72,2829,0
0,1,1,1,1,61,2903,1
0,1,1,1,0,119,4960,1
0,0,1,0,0,44,3154,0
1,0,0,0,0,69,1720,0
0,1,0,1,0,96,891,1
0,1,0,0,1,53,1771,1
0,1,0,0,0,26,153,0
0,1,0,1,0,29,4942,1
1,1,1,1,1,18,775,1
0,1,0,0,1,57,1671,1
0,1,1,1,0,12,3909,1
0,0,1,0,0,110,1122,0
1,0,0,1,0,105,3569,1
1,0,0,1,1,90,4568,1
0,1,1,1,0,37,4005,1
1,1,1,1,1,119,653,1
1,0,0,1,1,113,2772,1
1,0,0,0,0,104,3638,0
0,0,0,1,0,25,3906,0
0,1,1,0,0,118,2811,0
0,1,1,1,1,38,1945,1
1,1,1,1,1,23,688,1
0,0,0,1,1,109,3784,0
0,1,1,1,0,81,1251,1
0,1,0,0,1,53,2212,1
1,1,1,1,1,60,1001,1
1,1,0,1,0,107,4421,1
0,1,1,0,1,96,2422,1
1,0,0,1,1,26,1421,1
1,1,1,0,0,31,2658,0
1,0,0,1,1,97,3161,1
0,1,0,1,0,84,1923,1
0,1,1,0,1,15,355,1
0,1,1,0,0,64,4481,0
0,0,1,1,1,42,3924,1
0,0,1,0,1,49,3734,1
1,1,0,1,0,52,3354,1
0,0,0,1,0,30,3575,0
0,0,1,1,1,13,3188,1
1,0,1,0,0,71,4565,0
1,0,0,0,1,82,3708,1
0,0,0,1,1,33,917,0
0,0,0,0,0,116,4860,0
1,0,0,1,1,36,861,1
1,1,1,0,0,115,1099,0
0,1,0,1,0,39,880,1
1,0,1,0,0,107,2906,0
0,1,1,0,1,42,3983,1
0,0,0,0,1,33,2663,0
1,1,0,0,0,102,2047,0
0,0,1,0,1,95,1473,1
0,1,0,1,1,79,4374,1
1,1,1,0,1,115,4384,1
0,1,1,1,0,18,4463,1
0,1,0,0,1,74,4057,1
0,0,0,0,1,75,1346,0
0,1,1,1,1,111,349,1
0,1,1,1,0,20,1933,1
1,1,0,1,0,80,4742,1
0,0,0,0,1,70,4340,0
0,1,0,0,0,32,3338,0
1,0,0,1,0,72,4512,1
0,1,1,1,1,41,1899,1
1,1,1,0,1,24,891,1
1,1,0,0,1,101,2999,1
0,0,1,1,0,106,163,1
0,1,1,1,0,88,2697,1
1,1,1,0,0,65,4944,0
1,1,1,1,1,23,1141,1
1,0,0,1,0,68,2729,1
0,1,1,1,1,42,3638,1
1,0,0,0,1,118,1140,1
0,1,1,0,0,10,4315,0
1,1,0,0,1,27,3929,1
1,0,1,1,0,100,3329,1
0,1,0,1,0,120,535,1
1,0,0,1,1,54,1331,1
1,0,1,0,1,36,585,1
0,1,0,1,1,16,1262,1
0,1,1,0,0,111,1677,0
1,1,1,0,1,17,1192,1
0,1,1,1,0,15,3488,1
1,0,1,1,0,20,1571,1
0,0,1,1,1,120,2951,1
0,1,1,0,0,65,3706,0
0,1,1,1,1,64,1493,1
1,0,1,0,0,67,1146,0
0,0,0,1,0,92,4615,0
1,1,1,1,1,40,4282,1
0,0,0,1,1,46,3732,0
0,1,0,0,0,54,4257,0
0,0,0,1,0,23,2598,0
0,1,0,1,1,40,1791,1
0,1,1,1,1,77,4434,1
1,1,1,1,1,63,4870,1
0,0,1,1,0,37,4438,1
1,1,1,0,1,47,4050,1
0,1,0,1,0,28,4562,1
1,1,0,0,0,113,4192,0
1,1,1,0,0,83,586,0
0,0,1,1,1,26,2157,1
1,1,0,0,1,119,4382,1
1,0,0,0,0,19,151,0
0,1,1,1,1,11,2689,1
1,1,1,0,0,18,520,0
0,1,1,1,1,107,1284,1
1,0,1,0,0,41,1602,0
0,0,0,1,0,69,3529,0
1,1,1,1,0,54,2758,1
0,1,0,0,0,101,1630,0
0,1,1,1,0,16,3103,1
0,0,1,1,1,56,2029,1
0,1,1,1,1,110,4537,1
1,0,1,0,0,58,385,0
1,1,0,1,0,61,566,1
0,0,0,1,1,85,3011,0
0,1,0,1,1,84,2911,1
1,1,1,0,1,24,2996,1
0,0,1,1,0,40,4188,1
1,0,1,1,0,58,4887,1
0,0,1,1,1,9,879,1
1,1,0,0,1,72,3303,1
0,0,0,0,1,11,3522,0
1,1,1,1,0,103,910,1
0,0,1,0,1,89,629,1
1,1,1,1,0,64,993,1
1,0,1,1,0,46,4188,1
1,1,1,1,0,104,4285,1
1,1,0,1,0,82,4397,1
0,1,0,0,0,60,4614,0
0,1,0,1,1,38,4414,1
1,1,0,1,1,43,3622,1
1,1,0,1,0,40,3804,1
1,0,1,0,0,72,331,0
1,0,1,0,0,88,4366,0
0,0,1,1,0,46,2961,1
0,0,0,1,0,66,2139,0
1,0,0,1,0,88,4544,1
0,1,1,0,0,67,2489,0
1,1,0,0,1,10,2083,1
1,1,1,1,0,113,2713,1
0,1,0,1,1,11,3932,1
0,0,0,0,1,84,2539,0
1,1,0,1,0,21,1653,1
0,1,0,1,1,108,3502,1
1,0,0,0,0,27,4703,0
1,1,0,1,0,19,956,1
1,0,0,1,1,73,1706,1
1,1,1,0,1,57,935,1
1,0,0,1,1,35,889,1
1,1,0,0,1,66,882,1
0,1,0,0,1,96,2383,1
0,0,0,0,0,114,1880,0
0,0,0,1,0,18,4231,0
1,0,1,1,0,106,3949,1
1,1,1,1,0,31,3074,1
0,0,1,0,0,37,3017,0
0,0,1,1,1,108,133,1
0,0,1,0,0,115,3579,0
0,1,0,0,0,86,3683,0
1,0,0,1,1,111,2603,1
1,1,1,0,0,10,4093,0
1,1,0,0,1,58,4359,1
1,0,0,1,0,42,3957,1
0,0,0,1,1,11,3127,0
0,1,0,0,0,111,3833,0
0,1,1,1,1,102,4862,1
1,0,1,0,1,92,4083,1
0,1,0,0,1,54,2443,1
0,1,1,1,0,81,4505,1
0,0,1,1,0,55,552,1
0,0,0,0,0,11,2007,0
0,1,1,1,1,61,3949,1
0,0,1,1,1,101,2934,1
0,1,0,1,0,45,2540,1
0,1,0,0,1,52,3753,1
1,1,0,1,1,72,1663,1
0,0,1,0,1,84,662,1
1,0,1,0,0,10,4745,0
0,0,1,0,1,90,3138,1
0,0,0,0,1,45,769,0
1,0,0,0,0,40,1672,0
0,0,0,0,1,102,4721,0
1,1,0,0,1,66,1437,1
1,0,1,1,0,40,2161,1
0,0,0,0,0,46,1932,0
1,1,1,1,1,23,3488,1
0,0,1,1,0,22,896,1
1,0,1,0,0,66,1650,0
1,0,1,0,1,85,1626,1
1,0,0,1,1,66,307,1
0,0,0,1,0,45,4754,0
1,0,0,1,1,112,2748,1
1,1,0,1,0,58,1342,1
0,1,1,1,1,32,1226,1
0,0,1,1,1,113,3892,1
1,1,0,0,0,80,3428,0
0,1,1,0,1,35,3938,1
0,0,1,0,1,57,376,1
0,1,1,0,0,61,4619,0
0,1,1,0,0,35,4089,0
1,1,0,1,0,11,3725,1
0,1,0,0,1,68,4112,1
1,0,1,1,1,105,3539,1
1,0,0,1,0,88,3518,1
1,0,1,0,1,18,4898,1
1,0,1,0,0,8,2800,0
0,0,0,0,0,91,1512,0
0,0,1,0,1,84,4061,1
0,1,0,1,1,29,2502,1
0,1,0,0,1,63,1296,1
0,0,1,0,1,71,77,1
0,0,1,1,1,30,708,1
1,0,1,0,1,48,4806,1
0,0,0,0,1,5,2038,0
0,0,0,0,0,99,605,0
1,1,0,1,1,86,2753,1
1,1,1,0,1,73,2537,1
1,0,1,1,0,68,1087,1
0,0,1,1,0,75,4274,1
1,0,0,0,0,72,2708,0
1,0,0,0,1,100,118,1
0,0,0,0,1,5,2084,0
1,0,0,0,1,77,394,1
0,0,0,1,1,108,3456,0
1,0,1,1,1,107,4812,1
0,0,1,0,0,91,734,0
0,1,1,1,0,89,2912,1
0,1,0,1,0,42,3545,1
0,1,0,1,0,99,3782,1
0,0,0,1,1,7,4983,0
0,0,0,1,1,107,3497,0
1,1,1,1,0,108,2748,1
0,1,1,1,1,90,1664,1
1,0,0,1,0,36,1043,1
0,1,1,0,1,35,3005,1
0,1,0,0,1,23,1686,1
1,0,0,0,0,11,649,0
0,0,0,1,0,106,1372,0
1,0,0,0,1,72,1103,1
1,0,1,1,0,96,3176,1
1,0,1,1,0,21,4410,1
0,1,0,1,1,78,2880,1
0,0,1,0,1,6,4704,1
0,0,0,1,1,69,1800,0
1,1,0,1,0,115,100,1
0,0,1,0,1,38,2775,1
0,0,0,1,0,50,319,0
1,1,0,1,1,29,1169,1
1,0,0,1,0,116,835,1
0,1,0,1,0,84,389,1
0,0,1,0,0,65,4328,0
1,1,0,0,0,57,4830,0
1,1,1,0,0,73,2238,0
1,0,1,1,1,18,4153,1
0,1,0,1,0,94,4627,1
1,1,1,0,1,89,3642,1
1,0,1,1,0,82,2337,1
0,0,0,1,0,73,477,0
1,1,0,0,1,115,1666,1
1,1,0,1,0,83,4307,1
1,0,1,0,1,113,1627,1
0,1,1,0,1,67,1207,1
0,0,0,1,1,55,4138,0
1,0,1,0,0,45,2900,0
1,0,1,0,0,55,1572,0
0,0,1,1,0,99,2421,1
1,0,0,1,1,39,3885,1
0,1,1,1,1,23,2250,1
0,1,0,0,1,24,2010,1
1,1,0,0,1,8,4075,1
1,1,1,1,1,27,1817,1
0,0,0,1,1,26,302,0
0,1,1,1,1,102,2693,1
0,0,0,0,0,79,3121,0
0,0,1,1,1,28,2791,1
0,1,1,0,0,100,3468,0
1,1,0,0,0,87,1712,0
0,0,1,1,0,110,915,1
1,0,0,0,1,28,3393,1
1,0,1,1,1,66,3134,1
1,1,1,1,1,34,2333,1
1,0,1,0,1,11,2650,1
0,1,1,0,1,76,4545,1
1,1,1,1,1,16,4207,1
0,0,1,1,1,22,4465,1
0,0,0,0,1,28,1643,0
1,1,0,0,1,32,4409,1
1,0,1,1,0,68,2511,1
1,0,0,1,1,58,4444,1
0,0,1,1,1,47,1947,1
0,0,1,1,1,39,4824,1
1,1,0,1,0,38,3783,1
1,1,0,1,0,63,3043,1
0,0,0,0,0,6,4535,0
1,0,1,0,1,120,3513,1
1,0,1,0,0,20,726,0
0,0,1,1,0,94,2519,1
0,1,0,1,0,93,913,1
1,1,0,0,1,78,2958,1
1,1,0,0,1,99,3961,1
1,0,0,0,0,41,2096,0
1,0,0,0,0,37,743,0
1,1,0,0,1,101,1751,1
1,0,0,1,1,95,1632,1
0,0,0,1,1,55,1337,0
0,0,0,0,0,111,584,0
0,1,1,1,1,117,4889,1
0,1,1,0,0,76,4720,0
0,1,0,1,1,77,3746,1
1,1,1,0,1,74,4754,1
1,1,0,0,1,46,3021,1
1,1,0,1,0,90,972,1
1,0,0,0,0,20,1364,0
1,0,1,0,1,57,101,1
0,0,1,0,1,47,2790,1
0,1,0,0,0,64,3121,0
1,1,1,1,1,85,3869,1
0,1,1,0,1,12,3084,1
1,0,1,0,1,70,3257,1
1,1,1,1,1,38,2021,1
1,0,1,0,0,100,1677,0
1,0,0,1,1,116,272,1
1,1,0,1,0,96,1272,1
0,1,0,0,1,22,1202,1
0,1,0,0,1,108,104,1
1,1,1,0,1,114,307,1
1,0,0,0,1,17,942,1
0,1,1,1,0,48,923,1
1,0,0,1,0,13,4034,1
0,1,1,0,1,46,376,1
0,1,1,0,0,38,1658,0
0,0,0,0,0,20,1727,0
1,1,1,1,0,40,1610,1
0,1,1,1,0,46,2090,1
0,0,1,1,1,95,2181,1
1,1,0,0,1,10,1613,1
1,1,0,0,1,22,776,1
1,1,1,0,0,10,637,0
1,0,0,0,1,113,1866,1
0,1,0,0,0,109,313,0
1,0,1,1,1,77,2211,1
1,0,0,1,0,98,2355,1
0,0,0,0,1,5,4509,0
1,0,1,1,1,80,1709,1
0,1,0,0,0,31,2329,0
0,0,1,0,1,96,3570,1
1,0,1,1,0,74,4249,1
1,1,1,1,1,36,1200,1
1,1,1,0,0,70,2784,0
0,1,0,1,0,28,3836,1
0,0,1,0,1,108,1336,1
0,0,1,1,1,13,557,1
1,0,0,0,0,20,1520,0
0,1,0,1,1,47,4706,1
1,0,0,1,0,17,1892,1
1,0,0,1,0,61,2329,1
1,1,1,0,0,96,3205,0
1,0,1,1,1,19,3524,1
0,0,0,0,1,6,1269,0
1,1,0,1,0,65,53,1
1,1,1,0,1,14,962,1
0,1,1,1,1,109,2355,1
1,1,1,0,0,48,4766,0
0,1,1,1,0,33,3352,1
1,1,1,0,0,21,190,0
0,0,0,0,1,105,258,0
1,0,0,1,0,117,332,1
0,1,1,1,0,114,407,1
1,0,1,0,1,96,1646,1
0,1,0,0,1,50,1320,1
1,0,0,1,1,104,2435,1
0,0,0,1,0,47,4955,0
0,0,0,1,1,99,718,0
1,1,0,1,1,29,3508,1
1,0,0,1,0,97,1563,1
0,0,1,1,0,26,1832,1
1,1,1,0,0,113,3739,0
1,0,1,0,0,93,1986,0
1,1,1,1,0,18,1620,1
0,1,0,1,1,117,2535,1
0,1,1,0,0,94,209,0
1,0,0,0,0,62,3686,0
0,0,1,0,0,67,2940,0
1,1,0,0,0,56,2775,0
0,1,1,1,1,119,3414,1
0,1,0,0,1,104,237,1
0,1,0,1,1,19,2057,1
0,0,0,1,0,28,2988,0
0,1,0,1,1,23,773,1
0,0,1,0,0,28,3788,0
0,0,1,1,0,89,2689,1
1,1,0,0,1,38,1634,1
0,1,1,1,1,71,4474,1
0,1,0,0,0,41,457,0
0,0,1,1,1,47,1400,1
0,1,0,0,1,58,112,1
1,0,0,1,0,117,634,1
0,0,0,0,1,25,1302,0
1,0,1,1,1,51,580,1
1,1,0,0,0,50,420,0
1,1,1,1,1,98,1517,1
1,0,0,1,1,101,2168,1
0,0,1,0,0,35,4000,0
1,0,1,1,0,75,1583,1
0,1,1,0,0,30,2891,0
1,1,1,1,0,14,201,1
1,0,0,1,0,105,2478,1
0,1,1,1,0,20,2020,1
0,0,0,1,0,106,4908,0
0,0,0,0,0,113,3864,0
0,1,1,1,1,43,4865,1
0,1,1,0,1,78,458,1
1,1,0,0,1,103,3549,1
1,1,0,0,0,64,4985,0
1,1,0,0,0,22,1597,0
0,1,1,1,1,7,3931,1
1,1,1,0,1,59,2490,1
0,1,1,0,1,35,1902,1
1,1,1,1,0,25,3589,1
0,0,1,0,0,52,2063,0
0,0,1,1,0,54,1455,1
1,1,1,0,1,74,3446,1
0,1,0,0,0,85,864,0
1,1,1,0,0,103,966,0
1,1,0,0,0,67,2245,0
1,0,1,0,0,8,2524,0
0,0,1,0,0,18,3363,0
1,0,0,0,1,120,1504,1
1,1,1,1,1,105,679,1
1,1,0,0,0,69,4116,0
1,1,1,1,0,11,3186,1
1,1,0,1,0,65,2036,1
1,0,0,1,1,82,4340,1
0,0,0,1,0,80,3677,0
0,0,0,1,0,92,4109,0
1,0,0,1,0,112,1768,1
0,0,0,1,1,22,3556,0
1,0,0,1,0,92,4328,1
1,1,1,0,1,64,2816,1
1,0,0,0,1,17,3707,1
1,0,1,0,1,48,4695,1
0,1,1,1,0,50,2529,1
0,0,0,1,1,89,904,0
0,0,1,1,1,70,4341,1
1,0,0,1,0,48,66,1
1,0,1,1,1,70,4842,1
0,0,0,1,1,94,4226,0
0,0,1,0,1,55,4405,1
1,0,1,0,1,46,858,1
1,0,1,1,1,19,3642,1
1,0,1,1,1,10,4503,1
1,0,1,0,1,22,1396,1
1,1,1,1,1,83,3656,1
1,1,0,0,1,16,4953,1
1,0,1,0,1,77,3646,1
1,1,1,1,0,82,414,1
0,0,0,1,1,118,4348,0
1,1,1,0,0,11,1760,0
0,0,0,1,0,80,2342,0
1,0,0,1,1,115,2022,1
1,1,0,0,1,20,975,1
0,1,1,1,0,29,205,1
0,0,1,1,0,71,2560,1
1,1,0,0,0,112,667,0
1,0,0,0,1,94,1197,1
0,1,0,0,0,38,2296,0
0,1,0,0,0,39,1525,0
0,0,0,0,1,120,4469,0
1,1,0,1,0,47,1555,1
1,1,1,1,1,62,4729,1
1,0,1,1,0,46,4584,1
1,1,1,1,1,34,4645,1
0,0,0,1,0,114,622,0
1,1,0,0,1,78,2880,1
1,1,1,1,1,94,1352,1
1,1,1,1,1,83,250,1
0,1,0,0,1,88,2455,1
0,0,1,0,1,61,3363,1
0,1,0,1,1,22,4933,1
0,0,0,0,1,15,3340,0
0,0,1,0,1,96,4430,1
0,1,0,0,1,98,4700,1
1,1,1,0,1,97,3899,1
0,0,0,1,0,9,2654,0
1,1,0,0,1,56,4554,1
0,1,0,1,0,42,1013,1
1,1,0,0,1,98,1715,1
1,0,0,1,0,81,1182,1
0,1,0,1,0,62,4879,1
1,0,0,0,0,92,3815,0
0,0,1,1,0,18,2647,1
1,0,0,1,1,47,1976,1
0,0,1,1,1,111,1254,1
1,1,1,0,1,8,3959,1
0,0,1,0,0,9,3060,0
0,0,0,0,0,44,4302,0
0,1,1,1,0,6,3580,1
0,1,0,1,0,28,2836,1
0,1,0,0,1,105,1938,1
0,0,1,1,1,61,4237,1
0,0,0,1,1,77,4862,0
0,1,1,0,1,47,2930,1
1,1,1,1,0,110,1130,1
0,1,0,0,0,85,3760,0
0,0,0,1,1,88,103,0
1,1,1,1,1,103,526,1
0,0,0,0,0,61,2571,0
1,1,1,1,1,51,2436,1
1,0,0,1,1,74,66,1
0,1,1,0,1,73,4964,1
0,0,1,1,1,117,4266,1
1,1,0,0,0,5,2180,0
0,1,0,1,1,120,3328,1
1,1,1,0,1,14,4919,1
1,1,1,0,0,41,1503,0
1,0,1,0,0,24,4674,0
0,0,1,0,1,115,1147,1
0,1,0,1,0,25,2300,1
1,0,0,1,1,18,858,1
1,1,0,1,0,50,1496,1
0,0,1,1,1,108,702,1
0,1,1,0,0,58,4239,0
1,0,0,0,1,39,166,1
1,1,0,0,1,104,4605,1
1,1,1,0,0,111,3854,0
1,0,1,0,0,30,4942,0
0,1,1,1,1,69,926,1
0,1,1,1,0,27,636,1
0,1,1,1,1,37,3287,1
1,0,0,1,0,52,1605,1
1,1,0,1,1,79,155,1
0,1,0,0,1,5,4367,1
1,1,1,1,1,17,3541,1
1,0,1,0,0,120,101,0
0,0,0,0,0,23,2875,0
0,1,1,1,1,53,2236,1
1,1,0,1,0,38,519,1
1,1,0,0,1,72,4985,1
0,0,1,1,0,82,1853,1
1,0,0,1,1,30,4337,1
0,1,0,1,0,35,2478,1
0,1,1,1,1,48,2967,1
0,1,0,1,1,110,3211,1
1,1,0,0,0,29,1808,0
1,1,1,0,1,25,5000,1
1,1,0,1,0,49,1989,1
0,0,0,0,1,12,499,0
1,0,0,1,1,44,1350,1
0,0,1,0,0,93,4243,0
1,1,0,1,0,61,3505,1
1,0,1,1,0,113,642,1
1,0,0,1,1,42,2547,1
1,1,0,0,0,95,2477,0
1,0,1,0,0,53,1610,0
0,0,1,0,1,90,987,1
1,0,1,0,0,10,3873,0
0,0,0,0,1,37,1018,0
0,1,0,1,0,108,4644,1
1,0,0,1,0,88,4942,1
1,0,1,1,1,88,4827,1
0,0,1,0,1,113,3258,1
1,1,1,1,1,112,713,1
0,0,1,0,0,69,4504,0
1,1,0,0,0,113,2027,0
0,0,0,0,0,41,2770,0
0,0,0,0,1,67,2198,0
1,0,1,1,1,111,1099,1
0,1,0,0,1,70,4263,1
0,0,0,0,1,8,2909,0
1,1,0,1,0,111,4512,1
1,1,1,1,1,67,4588,1
1,0,1,0,1,79,4497,1
0,0,0,0,1,20,840,0
1,1,1,1,0,86,1249,1
0,0,1,0,0,62,1866,0
0,0,1,0,1,104,4940,1
0,0,0,0,0,79,876,0
0,0,0,0,0,78,3984,0
0,1,1,1,0,38,4442,1
1,1,1,1,1,16,3959,1
0,0,0,0,0,115,59,0
1,0,0,1,1,88,1033,1
1,0,0,0,1,46,3230,1
0,0,0,1,0,37,4720,0
0,0,0,0,0,33,877,0
0,1,0,0,0,76,4262,0
0,0,1,1,1,86,3727,1
0,1,0,0,1,32,3083,1
0,0,0,0,1,34,667,0
0,1,1,1,0,77,635,1
0,1,1,1,1,107,4350,1
0,0,1,1,0,23,3569,1
1,1,0,1,1,59,2347,1
1,0,0,0,1,30,972,1
1,1,1,1,0,32,3219,1
0,1,1,1,0,14,1493,1
0,0,0,0,0,6,3711,0
0,1,1,1,0,34,395,1
0,0,0,0,1,80,3314,0
0,1,1,1,0,23,3685,1
0,1,0,0,0,67,1146,0
0,1,1,1,0,112,3157,1
1,0,1,0,0,63,212,0
0,0,1,1,0,22,3305,1
1,1,0,0,1,84,4815,1
0,0,1,1,0,102,3356,1
0,1,0,1,1,70,366,1
1,0,0,1,0,52,2885,1
0,0,1,1,0,113,2162,1
1,0,0,1,0,76,2824,1
1,0,1,1,0,77,178,1
0,0,1,0,1,68,819,1
0,1,1,0,0,43,3314,0
0,1,0,1,0,85,2208,1
0,0,0,1,0,54,2190,0
1,0,0,0,0,46,4150,0
1,1,1,1,0,9,4003,1
0,1,0,0,0,22,3184,0
1,1,1,0,1,19,2293,1
0,0,0,0,0,32,4846,0
0,1,1,0,0,54,2843,0
0,1,0,0,1,95,3389,1
1,1,0,0,0,51,4503,0
0,0,1,0,1,89,1775,1
0,0,1,1,1,14,2562,1
0,0,1,1,1,29,4121,1
0,1,0,0,1,22,4074,1
0,0,1,0,1,104,2142,1
1,1,1,1,1,70,1202,1
1,0,1,0,1,102,4706,1
1,0,1,1,0,35,2436,1
1,0,1,0,1,47,983,1
1,0,0,0,0,105,148,0
0,0,1,1,1,74,2720,1
0,1,1,0,1,31,4053,1
1,0,1,1,1,55,1407,1
0,1,1,0,1,59,825,1
1,1,1,0,1,82,1523,1
1,1,1,0,0,52,2932,0
0,1,1,1,1,111,2322,1
1,1,0,0,1,48,1258,1
0,1,0,1,0,114,1912,1
0,1,1,0,1,40,3231,1
0,1,0,0,0,92,303,0
0,1,1,1,1,46,1873,1
0,1,0,1,1,84,1602,1
1,1,0,0,1,101,4108,1
0,1,1,0,0,69,975,0
0,1,1,1,0,63,2763,1
0,0,1,0,1,116,2145,1
0,1,1,0,1,28,3724,1
0,0,1,1,0,95,2257,1
0,1,0,0,0,100,1255,0
1,1,0,0,0,109,3132,0
1,1,0,0,0,67,3235,0
0,1,0,1,1,27,3273,1
0,0,0,1,1,29,3910,0
1,1,1,0,1,113,2781,1
1,0,1,0,1,7,1097,1
1,0,1,0,1,73,3446,1
1,1,0,1,1,109,2146,1
0,1,1,1,0,66,2646,1
0,1,0,1,0,114,3724,1
0,1,0,0,0,114,1134,0
0,0,0,0,1,101,3370,0
1,1,0,1,0,106,3123,1
1,1,0,0,0,60,4748,0
0,1,0,0,1,65,2948,1
1,1,1,0,1,115,4679,1
1,0,0,0,1,93,4109,1
0,1,0,1,0,17,1201,1
0,0,1,1,1,38,1861,1
0,0,1,0,0,60,262,0
1,0,1,0,1,76,2671,1
0,1,0,1,1,90,3744,1
1,1,1,0,0,90,1061,0
1,0,1,1,1,27,3901,1
0,1,0,0,1,78,3919,1
1,0,0,0,0,29,3813,0
1,0,1,1,0,21,98,1
0,1,1,1,0,11,272,1
1,1,0,0,1,79,466,1
1,1,1,1,0,83,1250,1
0,1,0,0,1,88,4376,1
0,0,0,1,0,82,3570,0
0,1,1,0,0,58,1223,0
0,0,1,0,1,119,4584,1
0,0,1,0,0,119,4486,0
1,1,0,1,0,82,3838,1
1,0,1,0,0,81,3647,0
1,1,0,1,1,116,274,1
0,1,0,1,0,12,1598,1
0,0,1,0,1,89,222,1
0,0,1,0,1,12,866,1
1,0,1,0,1,12,3533,1
1,0,1,0,0,28,4405,0
1,0,0,0,1,105,1570,1
1,1,0,1,1,27,3743,1
1,1,0,0,1,90,1394,1
0,0,0,0,0,69,4238,0
1,0,0,0,0,17,1728,0
1,0,0,0,1,43,3852,1
1,1,1,1,1,111,2238,1
1,0,1,1,1,85,4940,1
1,1,0,0,0,52,305,0
0,0,1,0,0,32,3148,0
1,0,0,0,1,27,3148,1
0,1,1,1,0,17,2426,1
1,0,1,1,1,12,2442,1
1,0,1,1,0,98,2508,1
0,0,0,0,1,100,2731,0
1,1,1,0,0,44,2993,0
1,0,1,0,0,80,4420,0
1,0,1,0,0,81,4134,0
0,1,1,1,1,16,1942,1
0,0,0,0,1,104,1284,0
0,0,0,1,0,115,4785,0
0,1,1,0,0,30,2915,0
1,0,0,0,1,103,1273,1
0,0,1,0,1,64,1407,1
1,0,1,1,1,50,4915,1
0,0,1,0,1,82,1594,1
0,1,0,0,0,64,2238,0
0,1,0,0,0,87,4077,0
1,1,1,1,0,22,4480,1
0,0,0,1,1,15,170,0
1,0,0,0,1,38,4042,1
0,0,1,0,0,96,2662,0
0,0,0,1,0,107,4983,0
0,0,1,1,0,45,3258,1
0,1,1,0,0,97,4144,0
0,1,1,1,0,10,863,1
1,0,0,0,1,104,2508,1
0,0,0,1,1,68,3227,0
1,1,0,1,1,118,3387,1
0,0,0,0,1,26,4227,0
0,0,1,0,1,88,2689,1
1,1,0,0,1,61,3442,1
0,1,1,1,1,40,3479,1
1,1,0,1,1,25,3133,1
0,0,0,0,0,78,2981,0
0,0,1,0,0,119,787,0
0,1,0,1,0,92,4737,1
0,1,1,0,1,63,3168,1
0,0,1,0,0,59,3694,0
0,0,1,0,1,65,3023,1
1,1,0,0,0,27,4917,0
1,1,1,1,0,41,3060,1
1,1,0,0,0,10,2410,0
0,1,1,1,0,96,4664,1
1,0,0,0,1,61,3144,1
1,0,1,1,1,16,3574,1
1,0,1,1,0,63,1104,1
1,1,0,0,0,9,3280,0
1,1,1,0,0,29,462,0
0,1,1,1,0,91,741,1
1,1,1,1,1,51,819,1
1,1,1,0,1,6,3201,1
0,1,0,0,1,61,2030,1
0,0,1,0,1,5,333,1
0,0,1,0,1,116,70,1
1,1,0,0,1,48,262,1
0,1,1,1,1,91,2029,1
0,1,1,0,1,23,1604,1
1,1,1,0,1,72,3092,1
1,0,1,1,1,57,2872,1
0,0,1,0,0,102,4274,0
0,0,1,0,1,82,4523,1
0,0,1,1,0,7,1278,1
0,0,0,0,1,89,1814,0
1,0,0,0,1,24,3496,1
1,0,1,1,0,116,1200,1
1,0,0,0,1,90,2612,1
1,0,0,1,0,71,1281,1
1,0,1,1,1,41,3564,1
0,0,1,1,0,49,4334,1
0,0,1,1,0,115,2416,1
1,1,1,1,1,65,1476,1
0,0,1,0,0,83,1070,0
1,1,1,0,1,66,4854,1
1,0,0,0,1,34,4618,1
1,0,1,1,1,115,3802,1
0,1,0,1,0,51,1071,1
0,0,0,1,1,47,4754,0
0,1,0,0,1,23,2718,1
1,1,1,0,0,30,4568,0
0,0,1,1,1,89,733,1
0,1,0,0,0,74,2560,0
1,0,1,0,0,88,4593,0
1,1,1,0,1,13,4140,1
0,1,0,1,1,60,377,1
1,0,0,1,0,107,878,1
0,1,1,1,1,35,1745,1
0,1,0,0,1,29,2133,1
1,1,1,1,1,10,4763,1
0,0,1,0,1,100,1318,1
1,1,0,0,1,41,4116,1
0,1,0,0,0,67,531,0
1,0,1,0,0,8,4029,0
1,0,0,0,1,90,647,1
0,1,0,1,0,15,604,1
0,1,0,1,0,17,1126,1
1,1,1,1,0,20,3798,1
0,1,1,0,1,70,3599,1
0,1,1,1,0,98,866,1
1,0,1,1,1,112,348,1
0,0,0,1,1,17,4663,0
0,0,0,1,0,52,3069,0
0,1,0,1,1,64,4618,1
0,1,0,0,1,6,1567,1
0,0,1,1,1,14,3582,1
1,0,0,1,1,94,4855,1
1,0,0,1,1,77,651,1
0,0,1,0,0,115,1936,0
0,1,0,1,0,70,2710,1
1,0,0,1,1,17,2447,1
1,1,1,0,1,37,3121,1
0,1,0,0,1,38,3855,1
0,1,0,0,0,119,169,0
1,0,0,1,1,84,691,1
1,0,0,1,0,111,4504,1
1,1,0,1,0,65,467,1
1,0,0,1,1,74,1867,1
1,0,1,0,0,41,3612,0
0,0,1,1,0,120,1986,1
0,1,1,0,0,49,869,0
1,0,0,0,0,83,4931,0
1,0,0,1,0,75,4895,1
1,1,1,1,0,42,962,1
1,0,0,0,0,6,790,0
1,0,0,1,0,76,1259,1
0,1,0,0,0,33,2548,0
1,0,0,1,1,39,4729,1
0,1,0,0,1,47,3975,1
1,1,1,1,0,93,4644,1
0,1,0,1,0,64,2507,1
1,1,1,0,1,41,2473,1
1,0,0,0,0,27,4936,0
1,0,0,1,1,65,125,1
0,1,1,1,0,6,4044,1
0,1,0,0,1,107,3667,1
1,0,0,0,0,65,3799,0
1,0,0,0,1,31,3280,1
0,0,0,0,0,100,3074,0
1,1,1,1,0,57,614,1
0,0,1,1,0,57,2442,1
0,1,1,1,1,30,3467,1
0,0,1,0,1,66,722,1
1,1,0,0,1,22,3762,1
0,0,0,1,1,13,731,0
1,1,0,1,1,75,1223,1
0,1,1,1,0,67,2184,1
0,1,1,0,1,37,4028,1
0,0,1,0,0,102,2649,0
0,0,0,1,0,38,154,0
1,1,1,1,0,107,311,1
1,1,0,1,1,96,1832,1
1,1,0,1,0,77,3773,1
0,0,0,1,0,65,3734,0
1,1,1,0,1,76,1508,1
0,0,1,1,1,109,3899,1
1,0,0,1,0,116,856,1
1,0,0,1,1,118,2734,1
0,0,0,1,1,62,99,0
1,0,1,1,0,7,661,1
1,1,0,1,0,52,1473,1
0,0,1,1,1,24,3583,1
0,1,0,1,1,5,1683,1
1,1,1,0,0,43,2413,0
1,1,1,1,0,79,878,1
0,1,1,0,0,43,2067,0
1,0,1,0,0,29,4995,0
0,0,0,0,1,68,1090,0
0,0,1,0,1,37,4302,1
0,1,0,0,0,43,4331,0
0,1,1,0,1,13,566,1
0,1,1,0,0,41,488,0
1,0,1,0,1,26,2052,1
0,1,1,0,0,36,2157,0
0,1,0,1,1,74,1939,1
1,1,0,1,1,36,1430,1
0,0,1,1,1,69,1731,1
1,1,1,1,1,78,1655,1
0,1,0,0,0,77,1156,0
0,1,0,0,1,61,4088,1
1,1,0,0,1,105,494,1
1,0,0,1,0,52,4124,1
0,0,1,0,1,55,4570,1
1,0,1,1,1,112,3490,1
0,0,0,0,0,111,4731,0
0,1,1,0,0,65,763,0
0,0,1,0,1,68,3538,1
0,0,0,0,0,59,2005,0
0,1,0,1,1,62,2449,1
0,1,0,0,0,36,4168,0
0,1,1,0,1,67,2624,1
0,1,0,0,0,21,4004,0
0,0,0,0,1,61,4099,0
1,0,1,1,0,89,4740,1
1,1,1,1,0,119,2078,1
0,0,0,0,0,47,295,0
1,0,1,1,1,34,627,1
1,0,0,0,1,71,1145,1
1,0,0,1,0,120,1942,1
1,0,1,1,0,26,988,1
1,0,1,0,1,34,477,1
0,1,1,1,1,75,3681,1
0,1,0,0,1,88,4646,1
0,0,1,1,1,113,4756,1
1,1,1,0,0,39,332,0
0,0,1,1,1,64,1309,1
1,0,0,0,1,24,3666,1
1,0,0,0,1,18,788,1
1,1,0,0,1,9,3962,1
1,1,1,0,1,88,3902,1
1,0,1,1,0,8,3802,1
1,1,0,1,0,61,1494,1
0,0,0,0,0,41,1463,0
0,0,1,1,0,63,2437,1
1,0,1,0,1,66,4222,1
0,0,0,0,1,76,4065,0
1,0,1,1,0,18,574,1
1,0,1,1,0,109,4803,1
0,0,0,0,0,114,1791,0
0,0,0,1,1,95,1766,0
1,0,0,1,1,98,3633,1
0,1,1,0,1,64,2244,1
0,0,1,0,1,69,1638,1
0,1,0,0,0,26,718,0
0,0,1,1,0,62,110,1
1,1,0,0,1,77,1356,1
0,0,1,0,1,62,2124,1
1,0,1,0,1,53,1444,1
1,1,1,0,0,12,944,0
1,1,0,0,1,119,4258,1
1,1,0,1,0,111,3038,1
0,1,1,0,1,53,1963,1
0,0,1,0,0,101,237,0
0,1,0,0,0,23,299,0
0,0,0,0,1,50,69,0
0,1,0,1,1,70,2700,1
0,1,0,1,0,105,1694,1
0,0,1,0,0,119,1030,0
0,0,1,1,0,12,3861,1
1,1,1,1,0,92,924,1
0,1,1,0,0,83,1211,0
0,0,1,0,1,43,3410,1
0,0,0,1,0,97,3063,0
0,1,0,0,1,114,4805,1
0,0,1,1,0,56,4265,1
0,0,0,0,1,14,82,0
0,0,0,0,0,59,958,0
1,0,1,1,1,120,4294,1
1,1,1,0,0,66,4258,0
0,0,1,1,0,49,3086,1
0,1,0,0,0,66,3899,0
0,1,1,0,1,55,4173,1
0,1,0,1,1,78,1869,1
0,1,1,1,0,119,3595,1
1,1,0,1,0,54,3672,1
0,1,1,0,0,95,2781,0
0,0,1,0,1,111,4444,1
0,1,0,0,1,23,1668,1
1,1,0,0,1,49,2802,1
0,0,1,1,0,113,1079,1
0,0,0,0,1,35,1339,0
1,1,1,1,0,87,2746,1
0,1,1,0,1,57,1679,1
1,1,1,1,0,57,4375,1
0,1,0,0,0,91,3825,0
1,1,1,0,1,111,4972,1
1,1,1,0,1,117,2230,1
0,0,0,1,1,12,707,0
1,1,0,1,1,56,2386,1
0,0,0,0,0,40,2133,0
0,1,1,1,1,48,2802,1
1,1,1,1,0,44,3334,1
0,0,0,0,0,29,3110,0
0,0,1,0,1,77,786,1
1,1,0,1,1,96,2949,1
1,0,0,0,1,63,656,1
1,0,0,0,1,33,2250,1
1,0,0,1,0,68,1505,1
0,0,0,0,0,76,183,0
1,1,0,0,0,65,1168,0
1,1,1,1,0,110,4502,1
1,0,1,1,1,72,3593,1
0,0,1,1,0,54,1074,1
1,0,0,0,0,31,3007,0
0,0,1,1,0,97,3118,1
0,1,0,0,0,103,536,0
1,0,1,0,0,120,1408,0
1,0,0,0,1,57,249,1
1,1,1,0,0,120,3452,0
1,1,1,0,0,5,779,0
0,0,0,1,1,66,2319,0
0,1,1,0,1,9,682,1
1,1,1,0,1,116,4684,1
1,0,0,0,1,27,345,1
0,0,1,1,0,68,4621,1
0,0,0,1,1,33,2944,0
1,0,0,0,1,40,1446,1
0,1,1,1,0,65,4420,1
1,0,1,1,1,29,1029,1
1,0,1,0,0,42,2177,0
0,0,0,1,0,41,2190,0
1,1,1,0,0,61,588,0
0,0,0,1,0,64,2170,0
0,0,0,1,1,68,4152,0
0,1,0,0,1,99,3244,1
0,0,0,0,1,90,2153,0
0,0,0,1,1,28,1081,0
0,1,0,1,1,8,1910,1
0,0,1,0,0,34,2001,0
1,0,1,1,1,110,1286,1
0,0,0,0,1,66,3873,0
0,0,1,0,0,35,701,0
0,0,1,1,0,29,4376,1
1,1,0,1,1,115,140,1
1,0,0,0,0,11,4832,0
1,1,1,1,0,103,2385,1
0,0,0,1,1,118,1689,0
1,0,0,1,1,27,1451,1
1,1,1,0,0,5,4259,0
1,0,0,0,0,54,4605,0
1,0,1,1,0,13,1395,1
1,1,0,0,1,96,4712,1
1,1,1,0,1,65,1683,1
0,1,0,1,0,70,484,1
1,1,1,1,0,13,1112,1
0,0,1,0,1,86,1676,1
1,1,0,1,1,33,1796,1
1,0,0,0,0,80,1261,0
0,0,0,1,0,45,3922,0
1,1,1,0,0,43,4837,0
0,1,1,0,0,117,1212,0
1,1,0,0,0,37,1189,0
0,1,1,1,0,59,3624,1
1,1,1,0,1,17,699,1
0,0,1,0,1,8,4280,1
0,1,0,1,0,71,4654,1
0,0,0,1,0,76,4034,0
1,0,0,1,0,107,354,1
1,1,1,1,1,52,571,1
0,0,1,0,1,37,4735,1
1,0,1,1,0,72,1520,1
0,1,1,1,1,32,2883,1
0,0,1,0,1,117,3067,1
1,0,1,1,0,15,1276,1
0,1,1,0,1,53,1089,1
0,0,1,0,1,86,2273,1
0,1,0,1,1,109,355,1
0,1,1,0,0,109,4491,0
0,1,0,0,1,67,4523,1
1,0,1,0,0,114,4694,0
0,1,1,1,1,83,1058,1
1,0,0,1,1,68,3988,1
0,0,1,1,0,25,4440,1
1,0,1,0,0,37,3787,0
1,0,0,1,0,26,2418,1
1,0,0,1,0,51,1999,1
0,0,1,0,0,67,3852,0
1,1,1,0,0,31,86,0
1,1,0,1,0,91,2378,1
1,0,1,0,0,75,1231,0
1,0,1,1,1,7,2774,1
1,0,1,0,1,55,783,1
1,0,0,1,1,104,3705,1
1,0,0,1,0,87,2277,1
0,1,0,0,0,76,3496,0
0,0,0,1,0,10,1626,0
0,0,0,0,0,97,957,0
1,1,1,1,0,8,2535,1
1,1,0,0,0,7,3084,0
1,1,0,0,0,118,1961,0
1,0,0,1,1,72,3066,1
1,0,0,1,0,22,3543,1
0,1,0,1,1,68,2618,1
1,0,1,0,0,54,4148,0
1,0,1,0,0,47,2065,0
0,0,1,1,0,8,4369,1
0,1,1,0,0,107,686,0
1,0,1,1,0,24,534,1
0,0,0,0,1,72,4307,0
1,1,1,1,1,107,4119,1
0,1,0,0,1,65,4981,1
0,0,0,0,0,62,3951,0
1,1,0,1,0,84,701,1
1,1,0,0,1,71,223,1
1,0,0,1,1,66,2639,1
0,0,1,0,0,54,1432,0
0,1,0,0,1,44,303,1
0,1,0,1,1,79,3919,1
1,1,1,1,0,30,2939,1
1,0,1,1,1,9,4517,1
0,1,0,1,1,112,3773,1
1,1,0,1,1,72,854,1
1,1,0,0,1,19,3554,1
1,0,0,1,0,36,609,1
1,0,1,0,1,108,4936,1
1,0,0,0,0,74,1883,0
1,0,0,0,1,75,473,1
1,0,1,0,0,52,4190,0
0,1,1,0,1,93,4964,1
1,1,1,1,1,120,3005,1
1,0,1,1,0,120,1580,1
1,0,0,1,1,95,4027,1
1,1,1,0,1,69,4640,1
1,0,0,1,1,103,1866,1
1,0,0,1,1,75,826,1
1,1,1,0,1,72,2942,1
1,0,1,0,0,9,2902,0
1,1,1,1,0,70,298,1
1,1,1,1,0,120,3375,1
1,0,1,1,0,105,1803,1
1,1,1,0,0,59,1876,0
0,1,1,1,1,52,4151,1
1,1,1,1,1,93,798,1
0,1,0,0,1,69,2922,1
1,1,0,1,0,84,2205,1
0,0,0,0,0,112,3671,0
1,1,1,0,0,117,4175,0
1,1,1,0,1,112,1562,1
0,1,0,1,1,41,4511,1
0,0,1,0,0,67,1881,0
0,1,1,1,1,98,1984,1
1,1,1,1,1,18,485,1
1,1,0,1,0,30,1549,1
0,1,1,1,1,56,1330,1
0,1,1,1,0,72,692,1
0,1,1,1,0,107,3926,1
0,0,0,0,0,96,4271,0
1,1,1,0,0,67,2387,0
0,1,1,0,1,108,4609,1
0,0,0,1,1,33,3085,0
0,0,0,1,0,56,2708,0
0,0,1,1,0,7,551,1
1,0,0,1,1,18,510,1
1,0,0,1,1,100,2478,1
1,1,1,0,0,107,1359,0
1,1,1,0,0,113,2100,0
1,0,0,0,0,61,3169,0
1,0,0,1,1,67,3478,1
1,0,0,0,0,39,827,0
1,1,1,1,0,17,2443,1
0,1,1,1,1,54,4111,1
0,0,1,1,0,22,707,1
0,1,0,1,1,99,4342,1
1,0,0,1,1,56,1970,1
0,0,0,0,0,21,505,0
1,0,0,0,1,13,637,1
0,0,1,1,1,82,1335,1
1,0,1,0,0,46,4698,0
1,0,0,1,1,27,978,1
1,0,0,1,1,106,869,1
0,0,0,1,0,50,2401,0
1,1,1,0,0,18,1691,0
0,1,1,0,1,95,624,1
0,0,1,1,1,21,3640,1
0,0,0,1,0,18,2404,0
1,1,0,0,0,14,3937,0
0,1,1,0,1,20,2732,1
1,1,0,1,1,94,1048,1
0,0,0,1,1,60,4990,0
1,1,0,1,0,54,1846,1
1,0,1,0,0,61,2902,0
0,0,1,1,0,99,4194,1
1,1,1,0,0,46,4094,0
1,1,1,1,0,16,4804,1
0,0,0,1,0,25,2577,0
0,0,1,0,1,112,3368,1
1,0,0,1,0,86,2874,1
1,1,1,1,1,111,3037,1
1,0,1,1,0,101,3189,1
1,0,1,1,0,24,1524,1
1,0,1,1,0,98,1083,1
1,1,1,0,0,48,3415,0
1,0,0,1,1,36,699,1
1,1,0,0,0,86,3829,0
0,0,0,0,0,15,3917,0
1,0,1,1,0,115,1130,1
1,1,0,1,0,66,4666,1
0,0,1,1,1,99,4775,1
1,0,0,0,0,63,463,0
1,1,1,1,0,103,2855,1
0,1,0,0,0,48,3753,0
0,1,1,0,1,8,1144,1
0,0,1,1,1,98,4890,1
0,1,1,0,0,103,961,0
0,0,0,0,0,29,4479,0
0,0,0,1,0,58,4721,0
1,0,1,1,1,43,1422,1
0,1,0,0,1,65,3255,1
1,1,0,0,0,111,4198,0
0,0,0,0,1,77,1372,0
0,1,1,0,1,116,4189,1
0,1,1,0,1,48,2825,1
1,1,1,0,0,77,444,0
0,1,0,1,0,99,3434,1
0,0,1,1,1,47,462,1
1,0,1,0,1,57,4940,1
0,0,0,1,1,71,405,0
0,1,0,1,1,18,2743,1
1,0,1,0,0,32,307,0
1,0,0,0,0,13,663,0
1,1,1,1,1,103,851,1
1,0,0,0,0,72,209,0
1,1,1,0,0,53,139,0
0,1,1,0,1,53,1587,1
0,0,1,0,0,96,2191,0
1,0,0,0,1,9,1133,1
1,0,0,0,1,72,4545,1
1,1,1,1,1,55,4399,1
0,0,0,0,0,18,3322,0
0,0,0,0,0,82,451,0
0,1,1,1,1,93,1516,1
0,0,1,1,0,97,191,1
0,0,0,0,0,38,2825,0
1,1,1,0,0,26,1370,0
0,0,1,1,1,44,4816,1
0,1,0,0,0,106,2971,0
1,0,0,0,0,12,4336,0
1,1,0,0,0,52,2741,0
1,0,1,1,0,34,2789,1
0,0,1,0,1,110,886,1
1,0,0,0,1,105,4456,1
0,0,0,0,0,120,4071,0
1,1,0,0,0,111,2657,0
1,1,1,1,0,117,1026,1
0,0,0,1,0,47,1673,0
1,0,0,0,0,115,3945,0
0,1,1,1,1,101,3040,1
1,0,1,1,1,58,534,1
1,0,1,1,0,6,4363,1
0,1,1,1,1,86,1790,1
1,1,1,0,1,111,3868,1
0,0,1,0,1,65,4468,1
0,1,1,0,0,6,4919,0
1,1,1,0,0,119,1961,0
1,0,1,1,0,97,4887,1
0,1,0,0,1,62,4895,1
0,1,0,0,1,69,2304,1
0,1,0,0,0,18,4253,0
0,0,0,1,1,88,4499,0
0,1,1,0,0,40,646,0
1,1,0,0,0,63,2728,0
1,1,0,1,1,115,3463,1
0,0,0,1,0,81,241,0
0,1,1,0,0,120,4588,0
1,0,0,1,1,97,553,1
1,1,1,0,0,74,213,0
1,0,1,1,1,22,2215,1
0,1,0,0,0,63,4842,0
1,1,0,1,1,83,1012,1
0,1,0,0,1,38,460,1
0,1,0,0,0,26,4085,0
0,1,1,1,1,106,406,1
0,1,1,1,1,16,592,1
0,1,0,0,1,31,2007,1
0,0,1,1,0,41,2660,1
0,1,1,1,1,77,4642,1
1,0,1,0,0,69,991,0
1,1,0,0,0,116,4056,0
1,0,0,1,0,11,1468,1
0,1,0,0,1,31,2584,1
1,1,1,1,0,23,2979,1
0,0,0,0,0,30,1546,0
1,1,1,0,0,113,3205,0
0,1,0,0,1,104,4383,1
1,0,0,1,0,74,205,1
1,0,1,1,0,59,258,1
0,0,0,1,0,25,3139,0
0,0,1,1,1,5,4449,1
1,1,1,1,1,64,53,1
0,1,1,0,1,70,651,1
1,0,1,1,0,113,2039,1
1,1,0,0,0,99,4067,0
0,1,0,0,1,11,585,1
1,1,0,0,1,19,4767,1
0,0,1,0,1,78,211,1
1,1,1,1,0,30,1714,1
1,0,0,1,0,118,4830,1
1,1,0,0,0,78,960,0
0,0,0,1,1,72,2097,0
0,0,0,0,1,81,3684,0
1,0,0,0,0,9,3426,0
0,0,1,0,1,52,1555,1
1,1,0,0,0,120,669,0
1,0,0,1,1,94,753,1
0,1,0,1,0,30,578,1
0,0,0,0,1,34,2921,0
0,1,1,0,1,31,4005,1
1,1,1,1,1,7,2262,1
0,1,0,0,1,33,1896,1
1,1,0,1,1,113,4704,1
1,1,1,1,1,69,3668,1
1,0,1,1,1,34,1147,1
0,0,0,0,1,103,3450,0
1,0,1,1,0,24,3174,1
0,1,0,0,1,84,3106,1
1,0,1,0,0,73,4515,0
1,0,0,1,1,91,1903,1
1,1,1,1,0,97,783,1
1,0,1,0,0,29,1850,0
1,1,0,1,1,39,3058,1
1,1,0,1,0,34,4051,1
1,0,1,1,1,28,2649,1
1,1,1,1,0,54,3633,1
0,0,1,0,0,85,1654,0
0,0,0,1,0,65,2046,0
0,0,0,1,0,10,1720,0
1,0,1,0,1,17,3170,1
0,0,0,0,0,39,4822,0
1,1,0,0,1,111,3055,1
0,0,1,1,1,97,718,1
1,0,0,1,0,74,3773,1
1,0,1,0,1,113,3643,1
1,0,1,0,1,101,3044,1
1,0,0,1,1,63,234,1
1,0,1,0,1,115,4851,1
1,1,0,1,1,102,204,1
1,1,1,0,0,53,795,0
0,0,1,0,1,88,736,1
1,1,1,0,0,72,3846,0
0,0,1,0,0,37,883,0
1,0,1,0,1,12,3995,1
1,1,0,1,0,39,1122,1
0,1,0,0,1,83,1251,1
1,0,0,1,1,37,409,1
0,1,0,0,0,49,4022,0
0,1,0,1,1,22,231,1
0,0,1,1,0,43,1163,1
1,0,1,0,1,6,1411,1
0,1,0,1,0,75,3087,1
1,1,1,0,0,59,4926,0
0,1,1,0,0,29,4441,0
1,1,0,1,1,101,2237,1
0,0,1,0,1,42,4422,1
1,0,0,1,1,114,268,1
0,0,0,1,0,46,4970,0
1,0,1,1,1,5,4005,1
1,1,0,0,0,54,517,0
0,1,1,1,0,46,2001,1
1,1,0,0,0,23,1668,0
1,0,0,1,1,115,4171,1
0,1,1,1,0,92,1491,1
0,1,1,1,0,52,3921,1
1,1,1,1,1,64,609,1
0,0,0,1,0,39,4814,0
1,1,0,0,0,97,226,0
0,1,0,0,0,112,714,0
1,1,1,1,1,30,620,1
0,0,0,1,1,91,3187,0
0,1,1,0,0,107,1548,0
0,1,0,1,1,88,3449,1
1,0,1,0,0,75,2055,0
0,1,1,0,1,103,1956,1
1,1,0,1,0,76,3699,1
1,0,1,0,1,111,477,1
1,0,1,0,1,6,2497,1
0,0,1,0,1,103,1847,1
0,1,0,1,1,106,2645,1
1,0,0,1,0,39,3287,1
0,0,0,0,1,111,4146,0
1,1,0,0,0,114,1029,0
0,1,1,0,0,71,2941,0
0,1,0,1,0,103,778,1
1,1,1,1,1,36,1581,1
0,0,1,1,0,97,2462,1
1,1,0,1,0,104,3176,1
1,0,1,0,0,100,2808,0
0,0,1,0,1,48,4210,1
0,1,1,1,1,18,2273,1
0,1,0,0,1,31,906,1
1,1,0,0,0,91,1363,0
1,0,1,1,0,113,3509,1
0,1,1,1,0,9,778,1
0,1,0,0,1,78,2941,1
1,1,0,0,1,49,2053,1
1,0,1,1,0,42,2651,1
0,1,1,1,0,22,1325,1
1,0,1,1,1,49,573,1
0,1,0,1,1,75,2192,1
0,1,0,1,1,103,1915,1
0,1,1,1,1,56,2064,1
1,0,1,0,1,5,3032,1
0,1,1,1,0,6,932,1
0,0,1,0,1,120,2403,1
1,1,1,0,1,50,3480,1
1,0,0,1,0,32,3846,1
1,0,1,1,0,36,729,1
0,0,1,1,0,78,4938,1
0,1,1,1,0,30,2128,1
0,0,0,1,0,36,4567,0
0,0,0,0,0,61,285,0
0,1,0,0,0,90,1719,0
1,1,1,0,1,10,981,1
1,1,0,0,1,42,4186,1
0,1,1,0,1,41,2385,1
0,0,1,1,1,72,4785,1
0,0,1,0,0,77,3803,0
1,0,0,0,1,40,2321,1
0,1,1,0,1,118,4459,1
1,1,1,0,1,78,287,1
0,0,0,0,1,90,404,0
1,1,0,1,0,72,1202,1
1,1,1,1,1,23,3425,1
0,1,0,0,1,34,2601,1
0,0,1,1,1,66,3717,1
0,1,1,0,1,8,4612,1
1,1,1,0,0,26,2787,0
0,0,1,0,1,105,2609,1
0,0,0,1,0,92,3007,0
1,0,0,0,1,16,3761,1
1,0,0,1,0,114,2459,1
1,0,1,0,0,116,3972,0
1,1,0,0,1,116,4943,1
0,0,1,0,0,5,4809,0
0,0,0,0,0,69,3641,0
0,1,0,0,0,23,4322,0
1,0,0,1,1,61,1828,1
0,1,1,0,1,41,4485,1
0,0,0,0,0,17,2768,0
0,0,1,1,1,107,3175,1
0,0,1,1,0,17,3966,1
1,1,1,0,1,51,891,1
0,1,1,1,0,9,3259,1
0,1,0,0,1,63,1046,1
0,1,1,0,0,103,1057,0
1,1,1,0,0,106,4714,0
1,1,1,0,0,103,1671,0
0,1,0,1,0,106,554,1
1,1,0,1,0,40,2365,1
0,0,1,1,1,78,2731,1
0,0,0,1,0,47,1311,0
1,1,1,0,0,84,4406,0
0,1,0,0,0,98,4520,0
0,0,1,1,0,5,268,1
0,0,0,0,0,59,4765,0
1,0,0,1,1,24,67,1
1,0,1,1,0,64,2303,1
1,0,1,1,1,45,1545,1
1,0,1,1,1,6,1286,1
1,1,1,1,0,95,369,1
0,1,0,0,0,12,3603,0
0,0,0,0,1,113,3608,0
1,1,0,0,0,17,652,0
1,0,0,0,0,117,2113,0
1,1,1,1,0,94,3267,1
1,1,0,0,0,67,635,0
1,1,0,1,1,112,940,1
0,1,1,1,1,47,4930,1
1,1,0,1,0,53,4291,1
1,0,1,1,0,85,4749,1
1,1,0,0,0,112,4471,0
0,1,0,0,1,119,1898,1
0,1,0,0,1,79,4746,1
0,1,1,0,0,66,2943,0
0,0,1,1,0,54,2640,1
0,0,0,1,0,62,3605,0
1,1,0,1,1,53,4332,1
1,1,0,1,0,81,4368,1
1,1,1,0,0,114,4579,0
1,0,0,0,1,34,1216,1
1,1,0,1,1,87,3243,1
1,1,1,1,0,75,4168,1
0,1,1,0,0,19,4611,0
1,1,1,1,0,74,2703,1
0,0,0,0,1,7,2020,0
1,1,0,1,1,39,4347,1
1,1,0,1,0,63,737,1
0,0,0,0,1,19,3409,0
0,0,0,1,1,12,1906,0
0,1,0,0,1,96,530,1
0,0,1,1,1,55,2872,1
1,0,1,0,0,42,1228,0
1,0,1,0,1,61,1829,1
0,0,1,0,0,51,4093,0
1,0,0,1,1,91,2088,1
0,0,1,1,1,6,4564,1
0,0,0,1,1,101,1199,0
1,1,1,0,1,42,2497,1
0,1,0,0,1,75,902,1
1,1,0,1,0,99,2757,1
1,1,1,1,0,5,2204,1
0,0,1,1,1,114,191,1
0,0,0,1,1,87,684,0
1,0,0,0,1,21,1651,1
0,1,0,0,1,111,4245,1
1,0,0,0,0,28,713,0
1,1,1,1,0,61,1842,1
1,0,1,1,0,8,2549,1
1,1,0,0,0,76,3321,0
0,0,1,1,0,71,238,1
1,0,0,0,1,34,1724,1
0,1,1,1,1,111,4034,1
1,0,0,1,1,5,2210,1
